Cod_IBGE;Grande região;Município;Mun_Total de casos;Mun_Total de óbitos;;;
3500105;Interior;Adamantina;1546;35;;;
3500204;Interior;Adolfo;254;6;;;
3500303;Interior;Aguaí;1139;22;;;
3500402;Interior;Águas da Prata;252;9;;;
3500501;Interior;Águas de Lindóia;661;12;;;
3500550;Interior;Águas de Santa Bárbara;234;3;;;
3500600;Interior;Águas de São Pedro;148;2;;;
3500709;Interior;Agudos;1624;31;;;
3500758;Interior;Alambari;233;7;;;
3500808;Interior;Alfredo Marcondes;140;4;;;
3500907;Interior;Altair;82;5;;;
3501004;Interior;Altinópolis;510;15;;;
3501103;Interior;Alto Alegre;161;4;;;
3501152;Interior;Alumínio;699;21;;;
3501202;Interior;Álvares Florence;191;7;;;
3501301;Interior;Álvares Machado;735;16;;;
3501400;Interior;Álvaro de Carvalho;115;4;;;
3501509;Interior;Alvinlândia;58;0;;;
3501608;Interior;Americana;11308;289;;;
3501707;Interior;Américo Brasiliense;2425;42;;;
3501806;Interior;Américo de Campos;454;15;;;
3501905;Interior;Amparo;2846;54;;;
3502002;Interior;Analândia;201;3;;;
3502101;Interior;Andradina;3118;105;;;
3502200;Interior;Angatuba;956;23;;;
3502309;Interior;Anhembi;92;2;;;
3502408;Interior;Anhumas;154;1;;;
3502507;Interior;Aparecida;1341;35;;;
3502606;Interior;Aparecida d'Oeste;421;11;;;
3502705;Interior;Apiaí;654;20;;;
3502754;Interior;Araçariguama;802;23;;;
3502804;Interior;Araçatuba;15293;314;;;
3502903;Interior;Araçoiaba da Serra;1395;30;;;
3503000;Interior;Aramina;192;7;;;
3503109;Interior;Arandu;144;7;;;
3503158;Interior;Arapeí;142;2;;;
3503208;Interior;Araraquara;12148;206;;;
3503307;Interior;Araras;8961;164;;;
3503356;Interior;Arco-Íris;62;4;;;
3503406;Interior;Arealva;384;2;;;
3503505;Interior;Areias;179;1;;;
3503604;Interior;Areiópolis;405;5;;;
3503703;Interior;Ariranha;262;12;;;
3503802;Interior;Artur Nogueira;2076;49;;;
3503901;RMSP (exceto capital);Arujá;4060;133;;;
3503950;Interior;Aspásia;68;2;;;
3504008;Interior;Assis;3881;68;;;
3504107;Interior;Atibaia;6046;106;;;
3504206;Interior;Auriflama;954;20;;;
3504305;Interior;Avaí;162;3;;;
3504404;Interior;Avanhandava;390;14;;;
3504503;Interior;Avaré;3013;50;;;
3504602;Interior;Bady Bassitt;1674;25;;;
3504701;Interior;Balbinos;277;3;;;
3504800;Interior;Bálsamo;825;31;;;
3504909;Interior;Bananal;584;2;;;
3505005;Interior;Barão de Antonina;49;1;;;
3505104;Interior;Barbosa;260;5;;;
3505203;Interior;Bariri;1818;50;;;
3505302;Interior;Barra Bonita;2189;48;;;
3505351;Interior;Barra do Chapéu;179;0;;;
3505401;Interior;Barra do Turvo;311;10;;;
3505500;Interior;Barretos;8205;193;;;
3505609;Interior;Barrinha;946;37;;;
3505708;RMSP (exceto capital);Barueri;15925;532;;;
3505807;Interior;Bastos;336;12;;;
3505906;Interior;Batatais;1579;50;;;
3506003;Interior;Bauru;26393;433;;;
3506102;Interior;Bebedouro;2619;58;;;
3506201;Interior;Bento de Abreu;148;0;;;
3506300;Interior;Bernardino de Campos;275;6;;;
3506359;Interior;Bertioga;3286;64;;;
3506409;Interior;Bilac;431;9;;;
3506508;Interior;Birigui;7265;192;;;
3506607;RMSP (exceto capital);Biritiba Mirim;748;46;;;
3506706;Interior;Boa Esperança do Sul;575;10;;;
3506805;Interior;Bocaina;970;19;;;
3506904;Interior;Bofete;397;4;;;
3507001;Interior;Boituva;2978;49;;;
3507100;Interior;Bom Jesus dos Perdões;937;8;;;
3507159;Interior;Bom Sucesso de Itararé;69;4;;;
3507209;Interior;Borá;21;1;;;
3507308;Interior;Boracéia;373;6;;;
3507407;Interior;Borborema;638;18;;;
3507456;Interior;Borebi;96;2;;;
3507506;Interior;Botucatu;8271;108;;;
3507605;Interior;Bragança Paulista;8624;145;;;
3507704;Interior;Braúna;215;7;;;
3507753;Interior;Brejo Alegre;188;9;;;
3507803;Interior;Brodowski;1296;35;;;
3507902;Interior;Brotas;296;11;;;
3508009;Interior;Buri;999;19;;;
3508108;Interior;Buritama;1277;36;;;
3508207;Interior;Buritizal;107;4;;;
3508306;Interior;Cabrália Paulista;156;2;;;
3508405;Interior;Cabreúva;2370;54;;;
3508504;Interior;Caçapava;3734;98;;;
3508603;Interior;Cachoeira Paulista;1100;25;;;
3508702;Interior;Caconde;712;5;;;
3508801;Interior;Cafelândia;560;20;;;
3508900;Interior;Caiabu;54;4;;;
3509007;RMSP (exceto capital);Caieiras;4754;141;;;
3509106;Interior;Caiuá;177;2;;;
3509205;RMSP (exceto capital);Cajamar;2281;93;;;
3509254;Interior;Cajati;2593;53;;;
3509304;Interior;Cajobi;481;13;;;
3509403;Interior;Cajuru;550;18;;;
3509452;Interior;Campina do Monte Alegre;226;1;;;
3509502;Interior;Campinas;60024;1943;;;
3509601;Interior;Campo Limpo Paulista;2454;102;;;
3509700;Interior;Campos do Jordão;2531;39;;;
3509809;Interior;Campos Novos Paulista;175;3;;;
3509908;Interior;Cananéia;493;15;;;
3509957;Interior;Canas;91;3;;;
3510005;Interior;Cândido Mota;1164;16;;;
3510104;Interior;Cândido Rodrigues;87;1;;;
3510153;Interior;Canitar;98;1;;;
3510203;Interior;Capão Bonito;1875;56;;;
3510302;Interior;Capela do Alto;628;11;;;
3510401;Interior;Capivari;2775;54;;;
3510500;Interior;Caraguatatuba;9180;221;;;
3510609;RMSP (exceto capital);Carapicuíba;17760;538;;;
3510708;Interior;Cardoso;540;23;;;
3510807;Interior;Casa Branca;1096;17;;;
3510906;Interior;Cássia dos Coqueiros;134;1;;;
3511003;Interior;Castilho;981;16;;;
3511102;Interior;Catanduva;6170;214;;;
3511201;Interior;Catiguá;418;11;;;
3511300;Interior;Cedral;509;13;;;
3511409;Interior;Cerqueira César;829;12;;;
3511508;Interior;Cerquilho;2646;39;;;
3511607;Interior;Cesário Lange;509;13;;;
3511706;Interior;Charqueada;650;10;;;
3511904;Interior;Clementina;428;4;;;
3512001;Interior;Colina;753;23;;;
3512100;Interior;Colômbia;224;3;;;
3512209;Interior;Conchal;1197;33;;;
3512308;Interior;Conchas;756;18;;;
3512407;Interior;Cordeirópolis;2494;30;;;
3512506;Interior;Coroados;280;6;;;
3512605;Interior;Coronel Macedo;191;6;;;
3512704;Interior;Corumbataí;189;2;;;
3512803;Interior;Cosmópolis;3090;56;;;
3512902;Interior;Cosmorama;420;22;;;
3513009;RMSP (exceto capital);Cotia;7618;280;;;
3513108;Interior;Cravinhos;865;45;;;
3513207;Interior;Cristais Paulista;425;5;;;
3513306;Interior;Cruzália;85;3;;;
3513405;Interior;Cruzeiro;2763;50;;;
3513504;Interior;Cubatão;9749;277;;;
3513603;Interior;Cunha;518;4;;;
3513702;Interior;Descalvado;1852;27;;;
3513801;RMSP (exceto capital);Diadema;14714;564;;;
3513850;Interior;Dirce Reis;62;1;;;
3513900;Interior;Divinolândia;539;11;;;
3514007;Interior;Dobrada;287;2;;;
3514106;Interior;Dois Córregos;545;15;;;
3514205;Interior;Dolcinópolis;107;5;;;
3514304;Interior;Dourado;330;6;;;
3514403;Interior;Dracena;3158;91;;;
3514502;Interior;Duartina;493;7;;;
3514601;Interior;Dumont;777;5;;;
3514700;Interior;Echaporã;282;10;;;
3514809;Interior;Eldorado;903;11;;;
3514908;Interior;Elias Fausto;863;20;;;
3514924;Interior;Elisiário;239;4;;;
3514957;Interior;Embaúba;75;2;;;
3515004;RMSP (exceto capital);Embu das Artes;6387;254;;;
3515103;RMSP (exceto capital);Embu-Guaçu;2622;75;;;
3515129;Interior;Emilianópolis;154;3;;;
3515152;Interior;Engenheiro Coelho;1142;25;;;
3515186;Interior;Espírito Santo do Pinhal;2563;48;;;
3515194;Interior;Espírito Santo do Turvo;144;1;;;
3515202;Interior;Estrela d'Oeste;776;17;;;
3515301;Interior;Estrela do Norte;145;3;;;
3515350;Interior;Euclides da Cunha Paulista;221;6;;;
3515400;Interior;Fartura;727;8;;;
3515509;Interior;Fernandópolis;5633;103;;;
3515608;Interior;Fernando Prestes;333;4;;;
3515657;Interior;Fernão;87;0;;;
3515707;RMSP (exceto capital);Ferraz de Vasconcelos;6111;188;;;
3515806;Interior;Flora Rica;72;3;;;
3515905;Interior;Floreal;80;2;;;
3516002;Interior;Flórida Paulista;362;5;;;
3516101;Interior;Florínea;111;2;;;
3516200;Interior;Franca;15465;372;;;
3516309;RMSP (exceto capital);Francisco Morato;5672;174;;;
3516408;RMSP (exceto capital);Franco da Rocha;4758;159;;;
3516507;Interior;Gabriel Monteiro;87;4;;;
3516606;Interior;Gália;211;6;;;
3516705;Interior;Garça;1898;42;;;
3516804;Interior;Gastão Vidigal;105;12;;;
3516853;Interior;Gavião Peixoto;588;4;;;
3516903;Interior;General Salgado;485;6;;;
3517000;Interior;Getulina;524;6;;;
3517109;Interior;Glicério;228;8;;;
3517208;Interior;Guaiçara;668;15;;;
3517307;Interior;Guaimbê;218;4;;;
3517406;Interior;Guaíra;2276;54;;;
3517505;Interior;Guapiaçu;1286;37;;;
3517604;Interior;Guapiara;995;39;;;
3517703;Interior;Guará;938;37;;;
3517802;Interior;Guaraçaí;236;6;;;
3517901;Interior;Guaraci;446;11;;;
3518008;Interior;Guarani d'Oeste;81;3;;;
3518107;Interior;Guarantã;196;4;;;
3518206;Interior;Guararapes;1495;24;;;
3518305;RMSP (exceto capital);Guararema;889;41;;;
3518404;Interior;Guaratinguetá;4096;105;;;
3518503;Interior;Guareí;2226;8;;;
3518602;Interior;Guariba;1909;44;;;
3518701;Interior;Guarujá;12485;594;;;
3518800;RMSP (exceto capital);Guarulhos;35702;2136;;;
3518859;Interior;Guatapará;187;7;;;
3518909;Interior;Guzolândia;199;11;;;
3519006;Interior;Herculândia;292;9;;;
3519055;Interior;Holambra;924;7;;;
3519071;Interior;Hortolândia;11964;267;;;
3519105;Interior;Iacanga;609;9;;;
3519204;Interior;Iacri;103;3;;;
3519253;Interior;Iaras;115;6;;;
3519303;Interior;Ibaté;1732;25;;;
3519402;Interior;Ibirá;819;16;;;
3519501;Interior;Ibirarema;262;9;;;
3519600;Interior;Ibitinga;3132;74;;;
3519709;Interior;Ibiúna;1351;40;;;
3519808;Interior;Icém;508;10;;;
3519907;Interior;Iepê;381;9;;;
3520004;Interior;Igaraçu do Tietê;1068;18;;;
3520103;Interior;Igarapava;964;36;;;
3520202;Interior;Igaratá;1460;12;;;
3520301;Interior;Iguape;1124;30;;;
3520400;Interior;Ilhabela;4890;28;;;
3520426;Interior;Ilha Comprida;498;15;;;
3520442;Interior;Ilha Solteira;1198;40;;;
3520509;Interior;Indaiatuba;14987;342;;;
3520608;Interior;Indiana;184;5;;;
3520707;Interior;Indiaporã;106;2;;;
3520806;Interior;Inúbia Paulista;127;4;;;
3520905;Interior;Ipaussu;654;9;;;
3521002;Interior;Iperó;890;9;;;
3521101;Interior;Ipeúna;291;1;;;
3521150;Interior;Ipiguá;498;10;;;
3521200;Interior;Iporanga;178;2;;;
3521309;Interior;Ipuã;909;29;;;
3521408;Interior;Iracemápolis;2190;27;;;
3521507;Interior;Irapuã;330;7;;;
3521606;Interior;Irapuru;198;3;;;
3521705;Interior;Itaberá;853;12;;;
3521804;Interior;Itaí;647;9;;;
3521903;Interior;Itajobi;815;20;;;
3522000;Interior;Itaju;261;1;;;
3522109;Interior;Itanhaém;2930;125;;;
3522158;Interior;Itaoca;194;0;;;
3522208;RMSP (exceto capital);Itapecerica da Serra;4447;230;;;
3522307;Interior;Itapetininga;7842;121;;;
3522406;Interior;Itapeva;3297;97;;;
3522505;RMSP (exceto capital);Itapevi;5352;322;;;
3522604;Interior;Itapira;3593;70;;;
3522653;Interior;Itapirapuã Paulista;230;2;;;
3522703;Interior;Itápolis;1617;29;;;
3522802;Interior;Itaporanga;444;10;;;
3522901;Interior;Itapuí;742;10;;;
3523008;Interior;Itapura;122;5;;;
3523107;RMSP (exceto capital);Itaquaquecetuba;8504;438;;;
3523206;Interior;Itararé;2096;46;;;
3523305;Interior;Itariri;748;17;;;
3523404;Interior;Itatiba;4619;49;;;
3523503;Interior;Itatinga;832;17;;;
3523602;Interior;Itirapina;937;22;;;
3523701;Interior;Itirapuã;126;1;;;
3523800;Interior;Itobi;457;7;;;
3523909;Interior;Itu;9150;163;;;
3524006;Interior;Itupeva;3101;50;;;
3524105;Interior;Ituverava;1033;56;;;
3524204;Interior;Jaborandi;263;5;;;
3524303;Interior;Jaboticabal;2433;64;;;
3524402;Interior;Jacareí;12290;282;;;
3524501;Interior;Jaci;458;8;;;
3524600;Interior;Jacupiranga;896;29;;;
3524709;Interior;Jaguariúna;2273;47;;;
3524808;Interior;Jales;3494;121;;;
3524907;Interior;Jambeiro;223;8;;;
3525003;RMSP (exceto capital);Jandira;3524;133;;;
3525102;Interior;Jardinópolis;1687;64;;;
3525201;Interior;Jarinu;1157;29;;;
3525300;Interior;Jaú;6197;247;;;
3525409;Interior;Jeriquara;139;1;;;
3525508;Interior;Joanópolis;392;4;;;
3525607;Interior;João Ramalho;237;8;;;
3525706;Interior;José Bonifácio;2699;41;;;
3525805;Interior;Júlio Mesquita;67;4;;;
3525854;Interior;Jumirim;170;2;;;
3525904;Interior;Jundiaí;25453;630;;;
3526001;Interior;Junqueirópolis;735;19;;;
3526100;Interior;Juquiá;989;20;;;
3526209;RMSP (exceto capital);Juquitiba;1461;28;;;
3526308;Interior;Lagoinha;109;2;;;
3526407;Interior;Laranjal Paulista;1552;16;;;
3526506;Interior;Lavínia;495;5;;;
3526605;Interior;Lavrinhas;149;3;;;
3526704;Interior;Leme;5078;122;;;
3526803;Interior;Lençóis Paulista;6102;71;;;
3526902;Interior;Limeira;14027;345;;;
3527009;Interior;Lindóia;218;4;;;
3527108;Interior;Lins;5016;101;;;
3527207;Interior;Lorena;2511;67;;;
3527256;Interior;Lourdes;144;3;;;
3527306;Interior;Louveira;1795;31;;;
3527405;Interior;Lucélia;514;17;;;
3527504;Interior;Lucianópolis;16;0;;;
3527603;Interior;Luís Antônio;895;12;;;
3527702;Interior;Luiziânia;136;3;;;
3527801;Interior;Lupércio;108;0;;;
3527900;Interior;Lutécia;115;1;;;
3528007;Interior;Macatuba;1698;20;;;
3528106;Interior;Macaubal;271;4;;;
3528205;Interior;Macedônia;193;7;;;
3528304;Interior;Magda;73;2;;;
3528403;Interior;Mairinque;1806;27;;;
3528502;RMSP (exceto capital);Mairiporã;3978;111;;;
3528601;Interior;Manduri;291;3;;;
3528700;Interior;Marabá Paulista;79;1;;;
3528809;Interior;Maracaí;534;10;;;
3528858;Interior;Marapoama;176;3;;;
3528908;Interior;Mariápolis;92;0;;;
3529005;Interior;Marília;12450;212;;;
3529104;Interior;Marinópolis;77;1;;;
3529203;Interior;Martinópolis;700;23;;;
3529302;Interior;Matão;2204;56;;;
3529401;RMSP (exceto capital);Mauá;15177;743;;;
3529500;Interior;Mendonça;414;13;;;
3529609;Interior;Meridiano;199;8;;;
3529658;Interior;Mesópolis;60;1;;;
3529708;Interior;Miguelópolis;775;38;;;
3529807;Interior;Mineiros do Tietê;801;11;;;
3529906;Interior;Miracatu;1079;34;;;
3530003;Interior;Mira Estrela;147;3;;;
3530102;Interior;Mirandópolis;913;15;;;
3530201;Interior;Mirante do Paranapanema;347;9;;;
3530300;Interior;Mirassol;4254;86;;;
3530409;Interior;Mirassolândia;281;3;;;
3530508;Interior;Mococa;2824;50;;;
3530607;RMSP (exceto capital);Mogi das Cruzes;16399;747;;;
3530706;Interior;Mogi Guaçu;8458;180;;;
3530805;Interior;Mogi Mirim;5046;115;;;
3530904;Interior;Mombuca;161;1;;;
3531001;Interior;Monções;138;5;;;
3531100;Interior;Mongaguá;1160;41;;;
3531209;Interior;Monte Alegre do Sul;228;3;;;
3531308;Interior;Monte Alto;2112;58;;;
3531407;Interior;Monte Aprazível;1244;28;;;
3531506;Interior;Monte Azul Paulista;706;6;;;
3531605;Interior;Monte Castelo;324;7;;;
3531704;Interior;Monteiro Lobato;110;2;;;
3531803;Interior;Monte Mor;2545;51;;;
3531902;Interior;Morro Agudo;2231;31;;;
3532009;Interior;Morungaba;355;7;;;
3532058;Interior;Motuca;194;5;;;
3532108;Interior;Murutinga do Sul;155;4;;;
3532157;Interior;Nantes;105;1;;;
3532207;Interior;Narandiba;309;8;;;
3532306;Interior;Natividade da Serra;79;1;;;
3532405;Interior;Nazaré Paulista;616;7;;;
3532504;Interior;Neves Paulista;476;13;;;
3532603;Interior;Nhandeara;538;16;;;
3532702;Interior;Nipoã;175;2;;;
3532801;Interior;Nova Aliança;452;9;;;
3532827;Interior;Nova Campina;250;8;;;
3532843;Interior;Nova Canaã Paulista;115;3;;;
3532868;Interior;Nova Castilho;27;2;;;
3532900;Interior;Nova Europa;422;11;;;
3533007;Interior;Nova Granada;1711;36;;;
3533106;Interior;Nova Guataporanga;130;0;;;
3533205;Interior;Nova Independência;158;2;;;
3533254;Interior;Novais;208;8;;;
3533304;Interior;Nova Luzitânia;124;3;;;
3533403;Interior;Nova Odessa;2983;84;;;
3533502;Interior;Novo Horizonte;2191;46;;;
3533601;Interior;Nuporanga;227;3;;;
3533700;Interior;Ocauçu;210;3;;;
3533809;Interior;Óleo;20;1;;;
3533908;Interior;Olímpia;5108;102;;;
3534005;Interior;Onda Verde;437;9;;;
3534104;Interior;Oriente;150;6;;;
3534203;Interior;Orindiúva;684;8;;;
3534302;Interior;Orlândia;2191;64;;;
3534401;RMSP (exceto capital);Osasco;24518;1172;;;
3534500;Interior;Oscar Bressane;77;0;;;
3534609;Interior;Osvaldo Cruz;871;28;;;
3534708;Interior;Ourinhos;5602;107;;;
3534757;Interior;Ouroeste;466;12;;;
3534807;Interior;Ouro Verde;269;4;;;
3534906;Interior;Pacaembu;799;18;;;
3535002;Interior;Palestina;314;13;;;
3535101;Interior;Palmares Paulista;612;22;;;
3535200;Interior;Palmeira d'Oeste;362;9;;;
3535309;Interior;Palmital;1073;15;;;
3535408;Interior;Panorama;368;10;;;
3535507;Interior;Paraguaçu Paulista;1653;31;;;
3535606;Interior;Paraibuna;626;17;;;
3535705;Interior;Paraíso;239;7;;;
3535804;Interior;Paranapanema;618;22;;;
3535903;Interior;Paranapuã;205;7;;;
3536000;Interior;Parapuã;307;8;;;
3536109;Interior;Pardinho;326;6;;;
3536208;Interior;Pariquera-Açu;1338;29;;;
3536257;Interior;Parisi;204;10;;;
3536307;Interior;Patrocínio Paulista;462;12;;;
3536406;Interior;Paulicéia;189;4;;;
3536505;Interior;Paulínia;8989;118;;;
3536570;Interior;Paulistânia;35;0;;;
3536604;Interior;Paulo de Faria;306;7;;;
3536703;Interior;Pederneiras;2158;51;;;
3536802;Interior;Pedra Bela;154;2;;;
3536901;Interior;Pedranópolis;109;3;;;
3537008;Interior;Pedregulho;140;6;;;
3537107;Interior;Pedreira;1805;27;;;
3537156;Interior;Pedrinhas Paulista;131;3;;;
3537206;Interior;Pedro de Toledo;169;8;;;
3537305;Interior;Penápolis;2991;73;;;
3537404;Interior;Pereira Barreto;805;18;;;
3537503;Interior;Pereiras;442;6;;;
3537602;Interior;Peruíbe;3119;81;;;
3537701;Interior;Piacatu;314;4;;;
3537800;Interior;Piedade;2132;64;;;
3537909;Interior;Pilar do Sul;941;22;;;
3538006;Interior;Pindamonhangaba;6011;124;;;
3538105;Interior;Pindorama;736;23;;;
3538204;Interior;Pinhalzinho;314;2;;;
3538303;Interior;Piquerobi;99;2;;;
3538501;Interior;Piquete;246;5;;;
3538600;Interior;Piracaia;1523;10;;;
3538709;Interior;Piracicaba;32416;554;;;
3538808;Interior;Piraju;824;19;;;
3538907;Interior;Pirajuí;1162;18;;;
3539004;Interior;Pirangi;675;27;;;
3539103;RMSP (exceto capital);Pirapora do Bom Jesus;1020;8;;;
3539202;Interior;Pirapozinho;1373;33;;;
3539301;Interior;Pirassununga;4244;64;;;
3539400;Interior;Piratininga;465;13;;;
3539509;Interior;Pitangueiras;2144;56;;;
3539608;Interior;Planalto;275;4;;;
3539707;Interior;Platina;133;3;;;
3539806;RMSP (exceto capital);Poá;4382;181;;;
3539905;Interior;Poloni;244;6;;;
3540002;Interior;Pompéia;429;8;;;
3540101;Interior;Pongaí;158;6;;;
3540200;Interior;Pontal;2750;68;;;
3540259;Interior;Pontalinda;107;9;;;
3540309;Interior;Pontes Gestal;215;5;;;
3540408;Interior;Populina;95;3;;;
3540507;Interior;Porangaba;228;2;;;
3540606;Interior;Porto Feliz;3654;43;;;
3540705;Interior;Porto Ferreira;2687;63;;;
3540754;Interior;Potim;920;17;;;
3540804;Interior;Potirendaba;1359;27;;;
3540853;Interior;Pracinha;146;1;;;
3540903;Interior;Pradópolis;1110;24;;;
3541000;Interior;Praia Grande;10597;369;;;
3541059;Interior;Pratânia;227;2;;;
3541109;Interior;Presidente Alves;144;4;;;
3541208;Interior;Presidente Bernardes;601;16;;;
3541307;Interior;Presidente Epitácio;1161;36;;;
3541406;Interior;Presidente Prudente;12138;279;;;
3541505;Interior;Presidente Venceslau;1304;48;;;
3541604;Interior;Promissão;2971;30;;;
3541653;Interior;Quadra;80;3;;;
3541703;Interior;Quatá;512;5;;;
3541802;Interior;Queiroz;93;3;;;
3541901;Interior;Queluz;647;6;;;
3542008;Interior;Quintana;145;3;;;
3542107;Interior;Rafard;424;4;;;
3542206;Interior;Rancharia;1541;25;;;
3542305;Interior;Redenção da Serra;44;0;;;
3542404;Interior;Regente Feijó;299;14;;;
3542503;Interior;Reginópolis;170;4;;;
3542602;Interior;Registro;3503;84;;;
3542701;Interior;Restinga;208;4;;;
3542800;Interior;Ribeira;144;1;;;
3542909;Interior;Ribeirão Bonito;506;13;;;
3543006;Interior;Ribeirão Branco;659;15;;;
3543105;Interior;Ribeirão Corrente;127;2;;;
3543204;Interior;Ribeirão do Sul;192;1;;;
3543238;Interior;Ribeirão dos Índios;48;3;;;
3543253;Interior;Ribeirão Grande;231;8;;;
3543303;RMSP (exceto capital);Ribeirão Pires;4515;144;;;
3543402;Interior;Ribeirão Preto;41889;1281;;;
3543501;Interior;Riversul;108;2;;;
3543600;Interior;Rifaina;108;4;;;
3543709;Interior;Rincão;188;10;;;
3543808;Interior;Rinópolis;209;3;;;
3543907;Interior;Rio Claro;6624;217;;;
3544004;Interior;Rio das Pedras;1444;46;;;
3544103;RMSP (exceto capital);Rio Grande da Serra;1040;44;;;
3544202;Interior;Riolândia;732;9;;;
3544251;Interior;Rosana;580;11;;;
3544301;Interior;Roseira;636;9;;;
3544400;Interior;Rubiácea;64;1;;;
3544509;Interior;Rubinéia;169;3;;;
3544608;Interior;Sabino;150;12;;;
3544707;Interior;Sagres;53;0;;;
3544806;Interior;Sales;196;13;;;
3544905;Interior;Sales Oliveira;872;9;;;
3545001;RMSP (exceto capital);Salesópolis;343;22;;;
3545100;Interior;Salmourão;46;1;;;
3545159;Interior;Saltinho;333;3;;;
3545209;Interior;Salto;5237;116;;;
3545308;Interior;Salto de Pirapora;1645;63;;;
3545407;Interior;Salto Grande;293;3;;;
3545506;Interior;Sandovalina;152;5;;;
3545605;Interior;Santa Adélia;668;15;;;
3545704;Interior;Santa Albertina;421;7;;;
3545803;Interior;Santa Bárbara d'Oeste;10551;282;;;
3546009;Interior;Santa Branca;421;8;;;
3546108;Interior;Santa Clara d'Oeste;108;7;;;
3546207;Interior;Santa Cruz da Conceição;277;4;;;
3546256;Interior;Santa Cruz da Esperança;73;3;;;
3546306;Interior;Santa Cruz das Palmeiras;1955;36;;;
3546405;Interior;Santa Cruz do Rio Pardo;1735;25;;;
3546504;Interior;Santa Ernestina;266;3;;;
3546603;Interior;Santa Fé do Sul;2026;54;;;
3546702;Interior;Santa Gertrudes;1489;28;;;
3546801;RMSP (exceto capital);Santa Isabel;3141;119;;;
3546900;Interior;Santa Lúcia;363;8;;;
3547007;Interior;Santa Maria da Serra;303;1;;;
3547106;Interior;Santa Mercedes;58;2;;;
3547205;Interior;Santana da Ponte Pensa;28;2;;;
3547304;RMSP (exceto capital);Santana de Parnaíba;7338;167;;;
3547403;Interior;Santa Rita d'Oeste;89;2;;;
3547502;Interior;Santa Rita do Passa Quatro;706;19;;;
3547601;Interior;Santa Rosa de Viterbo;1003;14;;;
3547650;Interior;Santa Salete;101;3;;;
3547700;Interior;Santo Anastácio;520;16;;;
3547809;RMSP (exceto capital);Santo André;37125;1327;;;
3547908;Interior;Santo Antônio da Alegria;284;6;;;
3548005;Interior;Santo Antônio de Posse;1334;17;;;
3548054;Interior;Santo Antônio do Aracanguá;252;7;;;
3548104;Interior;Santo Antônio do Jardim;240;4;;;
3548203;Interior;Santo Antônio do Pinhal;265;3;;;
3548302;Interior;Santo Expedito;84;2;;;
3548401;Interior;Santópolis do Aguapeí;230;8;;;
3548500;Interior;Santos;40460;1121;;;
3548609;Interior;São Bento do Sapucaí;279;3;;;
3548708;RMSP (exceto capital);São Bernardo do Campo;45765;1602;;;
3548807;RMSP (exceto capital);São Caetano do Sul;10892;411;;;
3548906;Interior;São Carlos;10785;129;;;
3549003;Interior;São Francisco;108;8;;;
3549102;Interior;São João da Boa Vista;3098;76;;;
3549201;Interior;São João das Duas Pontes;116;4;;;
3549250;Interior;São João de Iracema;53;3;;;
3549300;Interior;São João do Pau d'Alho;56;0;;;
3549409;Interior;São Joaquim da Barra;2194;37;;;
3549508;Interior;São José da Bela Vista;125;6;;;
3549607;Interior;São José do Barreiro;168;4;;;
3549706;Interior;São José do Rio Pardo;1197;42;;;
3549805;Interior;São José do Rio Preto;50172;1175;;;
3549904;Interior;São José dos Campos;47934;845;;;
3549953;RMSP (exceto capital);São Lourenço da Serra;437;16;;;
3550001;Interior;São Luiz do Paraitinga;23;5;;;
3550100;Interior;São Manuel;1719;37;;;
3550209;Interior;São Miguel Arcanjo;663;15;;;
3550308;Capital;São Paulo;540750;19117;;;
3550407;Interior;São Pedro;2065;31;;;
3550506;Interior;São Pedro do Turvo;362;5;;;
3550605;Interior;São Roque;2726;37;;;
3550704;Interior;São Sebastião;3842;77;;;
3550803;Interior;São Sebastião da Grama;532;11;;;
3550902;Interior;São Simão;449;10;;;
3551009;Interior;São Vicente;11697;623;;;
3551108;Interior;Sarapuí;102;3;;;
3551207;Interior;Sarutaiá;82;3;;;
3551306;Interior;Sebastianópolis do Sul;86;2;;;
3551405;Interior;Serra Azul;966;8;;;
3551504;Interior;Serrana;2828;57;;;
3551603;Interior;Serra Negra;1099;20;;;
3551702;Interior;Sertãozinho;7977;161;;;
3551801;Interior;Sete Barras;853;17;;;
3551900;Interior;Severínia;1085;21;;;
3552007;Interior;Silveiras;173;3;;;
3552106;Interior;Socorro;1691;21;;;
3552205;Interior;Sorocaba;32682;775;;;
3552304;Interior;Sud Mennucci;500;1;;;
3552403;Interior;Sumaré;12033;307;;;
3552502;RMSP (exceto capital);Suzano;10907;379;;;
3552551;Interior;Suzanápolis;235;4;;;
3552601;Interior;Tabapuã;679;21;;;
3552700;Interior;Tabatinga;850;22;;;
3552809;RMSP (exceto capital);Taboão da Serra;12552;422;;;
3552908;Interior;Taciba;254;6;;;
3553005;Interior;Taguaí;820;5;;;
3553104;Interior;Taiaçu;246;5;;;
3553203;Interior;Taiúva;357;7;;;
3553302;Interior;Tambaú;1295;22;;;
3553401;Interior;Tanabi;2200;43;;;
3553500;Interior;Tapiraí;269;4;;;
3553609;Interior;Tapiratiba;720;8;;;
3553658;Interior;Taquaral;175;2;;;
3553708;Interior;Taquaritinga;2577;71;;;
3553807;Interior;Taquarituba;1215;16;;;
3553856;Interior;Taquarivaí;115;2;;;
3553906;Interior;Tarabai;318;7;;;
3553955;Interior;Tarumã;593;12;;;
3554003;Interior;Tatuí;4455;140;;;
3554102;Interior;Taubaté;13698;225;;;
3554201;Interior;Tejupá;65;0;;;
3554300;Interior;Teodoro Sampaio;994;12;;;
3554409;Interior;Terra Roxa;385;8;;;
3554508;Interior;Tietê;1598;32;;;
3554607;Interior;Timburi;72;2;;;
3554656;Interior;Torre de Pedra;55;3;;;
3554706;Interior;Torrinha;632;9;;;
3554755;Interior;Trabiju;54;1;;;
3554805;Interior;Tremembé;1251;5;;;
3554904;Interior;Três Fronteiras;372;18;;;
3554953;Interior;Tuiuti;102;1;;;
3555000;Interior;Tupã;2319;84;;;
3555109;Interior;Tupi Paulista;873;15;;;
3555208;Interior;Turiúba;94;2;;;
3555307;Interior;Turmalina;78;2;;;
3555356;Interior;Ubarana;428;5;;;
3555406;Interior;Ubatuba;4320;74;;;
3555505;Interior;Ubirajara;154;1;;;
3555604;Interior;Uchoa;704;14;;;
3555703;Interior;União Paulista;94;4;;;
3555802;Interior;Urânia;684;22;;;
3555901;Interior;Uru;105;3;;;
3556008;Interior;Urupês;455;15;;;
3556107;Interior;Valentim Gentil;1027;16;;;
3556206;Interior;Valinhos;6485;168;;;
3556305;Interior;Valparaíso;1131;31;;;
3556354;Interior;Vargem;124;2;;;
3556404;Interior;Vargem Grande do Sul;1487;25;;;
3556453;RMSP (exceto capital);Vargem Grande Paulista;1255;40;;;
3556503;Interior;Várzea Paulista;3249;98;;;
3556602;Interior;Vera Cruz;312;13;;;
3556701;Interior;Vinhedo;4664;64;;;
3556800;Interior;Viradouro;1054;18;;;
3556909;Interior;Vista Alegre do Alto;461;5;;;
3556958;Interior;Vitória Brasil;83;2;;;
3557006;Interior;Votorantim;4460;147;;;
3557105;Interior;Votuporanga;8302;152;;;
3557154;Interior;Zacarias;203;4;;;
3557204;Interior;Chavantes;338;11;;;
3557303;Interior;Estiva Gerbi;372;12;;;
;;Ignorado;363;0;;;
;;;;;;;
;;;;;;;
